Model,RMSE,MAE,R²
Linear Regression*,1378145.5411201366,927361.666359092,0.6013963659656784
Decision Tree,1926011.0217549368,1251860.3738317757,0.22148206620553723
Random Forest,1448307.8177450881,963303.7133956386,0.5597768925526172
XGBoost,1555552.3972762858,1034179.6875,0.49216753244400024
